rID,ocID,dateTime
1,1,2024-05-13 08:00:00
2,3,2024-04-30 10:00:00
3,4,2024-05-18 13:00:00
4,8,2024-05-20 12:00:00
4,8,2024-05-20 12:00:00
4,8,2024-05-20 12:00:00
5,8,20/05/2024 12:34:45 PM
5,0,4/04/2023 3:00:00 PM
5,8,20/05/2024 1:03:51 PM
5,8,20/05/2024 1:19:52 PM
5,8,20/05/2024 1:22:43 PM
5,0,4/09/2021 4:00:00 PM
5,0,4/09/2021 4:00:00 PM
5,8,20/05/2024 1:25:30 PM
5,0,4/09/2021 4:00:00 PM
5,0,4/09/2021 4:00:00 PM
5,8,21/05/2024 3:36:28 PM
5,8,21/05/2024 3:39:56 PM
5,8,21/05/2024 4:07:24 PM
5,0,4/09/2024 12:00:00 PM
5,8,27/05/2024 11:44:34 AM
5,0,4/09/2024 7:00:00 PM
5,0,4/09/2024 7:00:00 PM
5,8,27/05/2024 11:53:45 AM
5,8,27/05/2024 12:16:15 PM
5,8,27/05/2024 12:16:40 PM
5,-1,27/05/2024 12:16:51 PM
